player_id,first_name,last_name,email,phone,team_id
1,Vincent,Andrews,danielle02@hotmail.com,7759906463,1
2,Robert,Morales,kenneth70@jenkins.biz,1621998997,1
3,Yvonne,Whitaker,warrenmegan@white-mendoza.info,4332843524,1
4,Kimberly,Parker,tmoore@clark.biz,3050055551,1
5,Regina,Galvan,garrettdennis@gmail.com,9246388965,2
6,Ryan,Richards,hensonchristopher@gmail.com,7301901150,2
7,Rebecca,Lewis,swansonkyle@jennings.com,6865035850,2
8,David,Harris,caitlingarcia@mcdonald.info,5437108376,2
9,Heather,Kim,brownthomas@gmail.com,9964832519,3
10,Laura,Walls,jason58@casey-kim.com,0386569274,3
11,Robert,Patel,vhaney@myers-wyatt.info,1427356461,3
12,Cheryl,Gutierrez,delacruzjulia@anderson-molina.info,2850932950,3
13,Larry,Lopez,wgeorge@gonzalez.com,5801532152,4
14,Natalie,Young,raymondorozco@gmail.com,3983735632,4
15,Jeanette,Doyle,douglas62@gmail.com,4484331595,4
16,Joseph,Pace,crystal04@robinson.info,9218588524,4
17,Kristen,Santiago,amber29@rodriguez.info,8501536872,5
18,Keith,Wilkinson,brittanylyons@yahoo.com,9721867457,5
19,Michelle,Hicks,mcooper@elliott.com,3422854327,5
20,Martha,Cox,drewbutler@gmail.com,5949569066,5
21,Cindy,Solis,timothyhammond@morton-tucker.com,9187724356,6
22,James,Avery,erinbailey@aguilar-white.com,2141237154,6
23,Deborah,Hamilton,lhooper@yates.biz,6878499696,6
24,Seth,Holmes,davidadams@yahoo.com,0594439755,6
25,Kyle,Morgan,christopher02@velez.info,4211708623,7
26,Brittney,Brewer,rconley@camacho.org,7323283147,7
27,Madison,Humphrey,jessicarios@gmail.com,7211659520,7
28,Eric,Baker,michael56@anthony.net,0050123793,7
29,Amber,Brooks,andrewgonzales@newton-harding.com,7080296201,8
30,Norman,Jackson,sandersstephanie@gmail.com,1160799178,8
31,Javier,Turner,lclay@williams.com,2308619248,8
32,Mary,Blair,daniellewaters@ramirez-curtis.org,4845907107,8
33,James,Guzman,palmercatherine@gmail.com,5961278076,9
34,Vincent,Jacobs,andrew22@goodwin.info,0775035127,9
35,Richard,Strong,craiggomez@porter-rubio.com,7052024473,9
36,Kayla,Moore,xhanna@collins.net,8854988809,9
37,Andrew,Santos,pbaker@ross.net,1251693298,10
38,Kevin,Adams,zandersen@forbes.com,4036405782,10
39,Michelle,Bass,fscott@gmail.com,0530247219,10
40,Heather,Barnes,stuartjeffery@jordan.com,7962534979,10
41,Christopher,Wallace,janescott@wilson-ellis.biz,2280826890,11
42,Mark,Butler,erin42@yahoo.com,7021450329,11
43,Zachary,Smith,hendersonemily@santos.com,1146641339,11
44,Emma,Craig,brodriguez@hotmail.com,5926447465,11
45,Sara,Walker,cmeyer@yahoo.com,2478597835,12
46,Faith,Taylor,ugarcia@hotmail.com,4660144195,12
47,Russell,Bowman,ayaladarrell@simpson.info,2641946468,12
48,Kevin,Gomez,joseph82@yahoo.com,6288302614,12
49,Danielle,Manning,keith99@yahoo.com,1714989674,13
50,Chase,Hicks,vaughnterri@salas-taylor.com,9859645138,13
51,Janice,Rangel,brownheather@reynolds.net,5275704995,13
52,Caleb,Vargas,martinjohn@jones.info,5938492908,13
53,Melissa,Scott,vhernandez@hotmail.com,2437633125,14
54,Jeffrey,Byrd,paul66@gmail.com,1796231759,14
55,Adam,Carter,nathanielpeterson@johnson.com,0362871589,14
56,Deanna,Evans,fmarsh@hotmail.com,3052908581,14
57,Suzanne,Khan,richard48@hotmail.com,4452515778,15
58,Mark,Martin,awilliams@day.com,7000407200,15
59,Michael,Schaefer,molly83@gmail.com,0854436980,15
60,Diana,Case,carolyncook@gmail.com,9736051865,15
61,Curtis,Patton,millermary@lyons-castaneda.com,1803287292,16
62,Kayla,Mays,lisa76@gmail.com,2571260313,16
63,Joseph,Lane,davidmoreno@yahoo.com,2115074152,16
64,Kenneth,Cooke,fhicks@gmail.com,2163801739,16
65,Lisa,Curry,vegadavid@gmail.com,4432944615,17
66,Cheryl,Hall,bcohen@krueger.com,0422537926,17
67,Katelyn,Thornton,wyattlaura@martinez.biz,8565367049,17
68,Jason,Taylor,creed@hardin.com,0158383816,17
69,William,Ramos,virginia40@hotmail.com,5123629661,18
70,Mariah,Diaz,agonzalez@gmail.com,8650506903,18
71,Anne,Garcia,fcollins@kane-thompson.org,8936981161,18
72,Drew,Alexander,woodjessica@gmail.com,0008292252,18
73,Corey,Chen,rrodriguez@palmer-graham.biz,5069596510,19
74,Arthur,Roberts,seansanchez@love-lopez.org,5381378790,19
75,Regina,Torres,kyle92@gmail.com,7007184042,19
76,Stephanie,Davis,jason35@brown.biz,6425236088,19
77,Curtis,Callahan,sandovalbrenda@gmail.com,2341895997,20
78,Jennifer,Sosa,qmorgan@gmail.com,3490032953,20
79,Yvette,Marsh,jessica29@rivera-higgins.org,8993233046,20
80,Suzanne,Moore,nicoleguerrero@hotmail.com,6537177626,20
81,Mark,King,cstevens@yahoo.com,3546792148,21
82,John,Reese,gonzalezrobert@hamilton.info,3437255561,21
83,Daryl,Parker,timothyluna@jenkins-clark.com,6799299832,21
84,Robert,Mitchell,joshuadixon@hotmail.com,6088315298,21
85,Angela,Cross,obates@cox.biz,1352827695,22
86,Mark,Romero,rcarr@chapman.com,4635668051,22
87,Kevin,Zimmerman,stevenscarrie@jefferson.net,0072987718,22
88,Alicia,Mason,wellsbrian@anderson.com,7951808651,22
89,Mark,Griffin,fcrawford@gmail.com,3636525736,23
90,Jessica,Smith,jordanmatthew@wilkerson-maxwell.info,5142887781,23
91,Tonya,Cooley,zpatel@patton.biz,9660764252,23
92,Sheryl,Fields,kstevens@yahoo.com,4373553490,23
93,Angela,Williams,pamelaweiss@stewart.com,7881886292,24
94,Mary,Wilkins,youngtimothy@madden.com,6295363773,24
95,Keith,Andersen,michaelquinn@gmail.com,2844648913,24
96,Curtis,Burns,jameswilliams@franco.com,4587992010,24
97,Eric,Richards,lewisangela@rodriguez-fitzgerald.biz,3494890952,25
98,Tony,Graham,jeffersonalan@gordon.net,1799746849,25
99,Andrew,Perez,jasonmurray@rivers.biz,4444305115,25
100,Jennifer,Patel,moralesjoshua@yahoo.com,5122902309,25
101,Joseph,Grimes,brittany52@yahoo.com,5591872278,26
102,Harold,Rodriguez,clarkjasmine@fox.org,5780256363,26
103,Edward,Powers,matthewschristina@gmail.com,3243381672,26
104,Kevin,King,eriklong@hotmail.com,0820857566,26
105,Maria,Sanders,john53@contreras.org,5109530951,27
106,Gloria,Walters,gschmidt@parker.biz,1557644187,27
107,Miguel,Kerr,jason97@hotmail.com,4087934321,27
108,Alexandra,Johnson,catherine05@elliott.biz,2797158729,27
109,Lisa,Wilcox,kristin38@smith.com,3342155290,28
110,Alice,Schmidt,scott31@merritt.com,7958492681,28
111,Bradley,Wright,omccarthy@hotmail.com,5907241575,28
112,Roy,Curry,ashley10@alexander.com,0042737777,28
113,Brenda,Bryant,mandycarter@gmail.com,5866999865,29
114,Scott,Smith,dwright@yahoo.com,6945718479,29
115,James,Walker,griffithsarah@hutchinson.com,1351050752,29
116,Mandy,Mcfarland,michael40@hotmail.com,4224815605,29
117,Megan,Long,randygillespie@gmail.com,6454409327,30
118,Cassandra,Goodman,obrienamanda@hotmail.com,9487065023,30
119,Chris,Logan,justin79@hotmail.com,1315928613,30
120,Barbara,Benjamin,dillonwright@bailey.com,7656537124,30
121,Patricia,Pitts,nhoffman@hotmail.com,0503526809,31
122,Richard,Owens,cwilliams@yahoo.com,8712996194,31
123,Susan,Holmes,erikasampson@good.com,1703908947,31
124,Michael,Rivera,shannon68@may.net,5806088443,31
125,Alexander,Roberts,larsenjonathan@bowers.com,5128258774,32
126,Bianca,Walters,iturner@yahoo.com,3566578180,32
127,Monica,Lee,adiaz@gmail.com,1582547840,32
128,Eddie,Reyes,sherri44@beasley.info,0809276278,32
129,Derek,Davis,smcdaniel@hotmail.com,3594663532,33
130,Patricia,Lopez,davischristopher@herrera-yates.com,0056859444,33
131,Mark,Yang,pfarrell@robinson.com,4599631296,33
132,Joshua,Henderson,pnichols@garcia-jones.biz,5349803308,33
133,Samuel,Stewart,craigwells@patterson-williams.com,9467824820,34
134,James,Bowen,ufowler@hotmail.com,8991276359,34
135,Brittany,Brown,nreed@gmail.com,5831839611,34
136,Danielle,Adkins,kristin06@sandoval-peters.biz,1284397467,34
137,Steven,Robinson,brucecole@gmail.com,7735058482,35
138,Cheryl,Torres,loganmary@lawson.net,3944311955,35
139,Michael,Flynn,erinsnow@gmail.com,1311616452,35
140,Larry,Schaefer,saundersbilly@gmail.com,5856471502,35
141,Anthony,Taylor,staceywilliams@walter-maddox.com,4227311632,36
142,Megan,Davidson,fisherleslie@foster.com,6818404561,36
143,Christine,Martinez,tbryant@gmail.com,2695262922,36
144,Monica,Leonard,fobrien@dudley-williams.com,3561314333,36
145,Hannah,Jennings,davisbecky@chapman.com,2279425736,37
146,Ronald,Price,emarquez@yahoo.com,6763649592,37
147,Jeffrey,Davies,kristinmiller@wilson.net,5655146343,37
148,Cody,Jackson,smithjill@white-meadows.com,7877338074,37
149,Megan,Clark,alexbarnes@long.com,6004641227,38
150,Samantha,Evans,ehill@perkins.net,5482821533,38
151,Amanda,Howell,nkey@beltran-johnson.org,4126629988,38
152,Janet,Bryan,ericafox@hotmail.com,3440588214,38
153,Ronald,Adams,cshaw@hotmail.com,3675653576,39
154,Samantha,Flores,lwilson@hotmail.com,9342059052,39
155,Gregory,Mcneil,alexisorozco@montoya.com,3495648065,39
156,Jeremy,Martin,leslie05@yahoo.com,0649315001,39
157,Mary,Johnson,arielchavez@hotmail.com,1723473880,40
158,Raymond,Avila,gabrielwarner@gmail.com,6076019277,40
159,Melissa,Simmons,skinnerkelly@gmail.com,2776723493,40
160,Larry,Hansen,ronnie74@wagner-charles.com,6741269284,40
