referee_id,first_name,last_name,email,phone
1,Mark,Adams,nicoletaylor@smith-norman.com,1371482934
2,Julie,Daniels,qbooth@rodriguez.com,3221688206
3,Stephanie,Carroll,paulahenderson@yahoo.com,4644371304
4,Daniel,Mann,iburke@hotmail.com,2215936934
5,Darryl,Glover,kelly06@gmail.com,8418704447
6,Anna,Bailey,stanleynicole@yahoo.com,1376785201
7,Maria,Ortiz,rosariojohn@collins.org,7692333582
8,Kenneth,Jones,wongdawn@yahoo.com,8144246612
9,Angelica,Williams,douglasvictor@martinez.com,2935281800
10,Andrew,Ryan,michaelhicks@yahoo.com,9894639941
11,Mary,Campbell,cenglish@yahoo.com,6312979090
12,Laura,Anderson,lwright@yahoo.com,5330335299
13,Amanda,Smith,victoriaware@wheeler.info,4909262780
14,Colleen,Floyd,ucarpenter@brown.com,3230877680
15,Joseph,Lambert,robertwilson@hotmail.com,3265746535
16,Stephen,Black,christiangilbert@yahoo.com,7886758612
17,Beth,Henry,ccollier@hotmail.com,7968612246
18,Ross,Cook,kfoster@gmail.com,0559804660
19,Shannon,Swanson,smithbrandon@moore.info,9471929843
20,Michelle,Blair,bergermichelle@yahoo.com,1532222861
21,Taylor,Murphy,ccabrera@lee-cross.com,5250619152
22,Justin,Lowe,william81@mann.com,3431306491
23,Kurt,Mclaughlin,jessica69@gmail.com,8722322226
24,Louis,Welch,glenda61@hotmail.com,9399161607
25,Brandon,Johnson,amywilson@wallace-costa.com,0092884688
26,Thomas,Morales,madelinelopez@lopez.info,9378576482
27,Steven,Dorsey,reedjeffrey@hubbard.com,1690121177
28,Xavier,Moore,julie09@nichols.info,1722431267
29,Kelly,Smith,ncrawford@stone-stevens.com,7197888930
30,John,Johnson,conniegriffin@hotmail.com,0240454975
31,Becky,Vasquez,kimberly75@hotmail.com,9745391914
32,Zachary,Gutierrez,scott40@gmail.com,1860685859
33,Angela,Dominguez,ywallace@yahoo.com,6990382427
34,Ralph,Stephenson,wscott@neal.net,3344967653
35,Anne,Berry,allenmelinda@guerra-mcknight.com,3495452532
36,Diana,Wood,fobrien@buck.info,8874471235
37,Stefanie,Carr,javiertorres@yahoo.com,8155297188
38,Christopher,Anderson,nicholasknox@meza-davis.biz,8214934050
39,Samantha,Larson,stephanie61@brown-harvey.com,0624081366
40,Samantha,Baldwin,brownkyle@yahoo.com,2182111162
